Obfuscated_Institution_ID,Obfuscated_Staff_ID,First_Name,Last_Name,Email
1,1,First Name Hidden,Last Name Hidden,Email Hidden
1,2,First Name Hidden,Last Name Hidden,Email Hidden
1,3,First Name Hidden,Last Name Hidden,Email Hidden
1,4,First Name Hidden,Last Name Hidden,Email Hidden
1,5,First Name Hidden,Last Name Hidden,Email Hidden
1,6,First Name Hidden,Last Name Hidden,Email Hidden
1,7,First Name Hidden,Last Name Hidden,Email Hidden
1,8,First Name Hidden,Last Name Hidden,Email Hidden
1,9,First Name Hidden,Last Name Hidden,Email Hidden
1,10,First Name Hidden,Last Name Hidden,Email Hidden
1,11,First Name Hidden,Last Name Hidden,Email Hidden
1,12,First Name Hidden,Last Name Hidden,Email Hidden
1,13,First Name Hidden,Last Name Hidden,Email Hidden
1,14,First Name Hidden,Last Name Hidden,Email Hidden
1,15,First Name Hidden,Last Name Hidden,Email Hidden
1,16,First Name Hidden,Last Name Hidden,Email Hidden
1,17,First Name Hidden,Last Name Hidden,Email Hidden
1,18,First Name Hidden,Last Name Hidden,Email Hidden
1,19,First Name Hidden,Last Name Hidden,Email Hidden
1,20,First Name Hidden,Last Name Hidden,Email Hidden
1,21,First Name Hidden,Last Name Hidden,Email Hidden
1,22,First Name Hidden,Last Name Hidden,Email Hidden
1,23,First Name Hidden,Last Name Hidden,Email Hidden
1,24,First Name Hidden,Last Name Hidden,Email Hidden
1,25,First Name Hidden,Last Name Hidden,Email Hidden
1,26,First Name Hidden,Last Name Hidden,Email Hidden
1,27,First Name Hidden,Last Name Hidden,Email Hidden
1,28,First Name Hidden,Last Name Hidden,Email Hidden
1,29,First Name Hidden,Last Name Hidden,Email Hidden
1,30,First Name Hidden,Last Name Hidden,Email Hidden
1,31,First Name Hidden,Last Name Hidden,Email Hidden
1,32,First Name Hidden,Last Name Hidden,Email Hidden
1,33,First Name Hidden,Last Name Hidden,Email Hidden
1,34,First Name Hidden,Last Name Hidden,Email Hidden
1,35,First Name Hidden,Last Name Hidden,Email Hidden
1,36,First Name Hidden,Last Name Hidden,Email Hidden
1,37,First Name Hidden,Last Name Hidden,Email Hidden
1,38,First Name Hidden,Last Name Hidden,Email Hidden
1,39,First Name Hidden,Last Name Hidden,Email Hidden
1,40,First Name Hidden,Last Name Hidden,Email Hidden
1,41,First Name Hidden,Last Name Hidden,Email Hidden
1,42,First Name Hidden,Last Name Hidden,Email Hidden
1,43,First Name Hidden,Last Name Hidden,Email Hidden
1,44,First Name Hidden,Last Name Hidden,Email Hidden
1,45,First Name Hidden,Last Name Hidden,Email Hidden
1,46,First Name Hidden,Last Name Hidden,Email Hidden
1,47,First Name Hidden,Last Name Hidden,Email Hidden
1,48,First Name Hidden,Last Name Hidden,Email Hidden
1,49,First Name Hidden,Last Name Hidden,Email Hidden
1,50,First Name Hidden,Last Name Hidden,Email Hidden
1,51,First Name Hidden,Last Name Hidden,Email Hidden
1,52,First Name Hidden,Last Name Hidden,Email Hidden
1,53,First Name Hidden,Last Name Hidden,Email Hidden
1,54,First Name Hidden,Last Name Hidden,Email Hidden
1,55,First Name Hidden,Last Name Hidden,Email Hidden
1,56,First Name Hidden,Last Name Hidden,Email Hidden
1,57,First Name Hidden,Last Name Hidden,Email Hidden
1,58,First Name Hidden,Last Name Hidden,Email Hidden
1,59,First Name Hidden,Last Name Hidden,Email Hidden
1,60,First Name Hidden,Last Name Hidden,Email Hidden
1,61,First Name Hidden,Last Name Hidden,Email Hidden
1,62,First Name Hidden,Last Name Hidden,Email Hidden
1,63,First Name Hidden,Last Name Hidden,Email Hidden
1,64,First Name Hidden,Last Name Hidden,Email Hidden
1,65,First Name Hidden,Last Name Hidden,Email Hidden
1,66,First Name Hidden,Last Name Hidden,Email Hidden
1,67,First Name Hidden,Last Name Hidden,Email Hidden
1,68,First Name Hidden,Last Name Hidden,Email Hidden
1,69,First Name Hidden,Last Name Hidden,Email Hidden
1,70,First Name Hidden,Last Name Hidden,Email Hidden
1,71,First Name Hidden,Last Name Hidden,Email Hidden
1,72,First Name Hidden,Last Name Hidden,Email Hidden
1,73,First Name Hidden,Last Name Hidden,Email Hidden
1,74,First Name Hidden,Last Name Hidden,Email Hidden
1,75,First Name Hidden,Last Name Hidden,Email Hidden
1,76,First Name Hidden,Last Name Hidden,Email Hidden
1,77,First Name Hidden,Last Name Hidden,Email Hidden
1,78,First Name Hidden,Last Name Hidden,Email Hidden
1,79,First Name Hidden,Last Name Hidden,Email Hidden
1,80,First Name Hidden,Last Name Hidden,Email Hidden
1,81,First Name Hidden,Last Name Hidden,Email Hidden
1,82,First Name Hidden,Last Name Hidden,Email Hidden
1,83,First Name Hidden,Last Name Hidden,Email Hidden
1,84,First Name Hidden,Last Name Hidden,Email Hidden
1,85,First Name Hidden,Last Name Hidden,Email Hidden
1,86,First Name Hidden,Last Name Hidden,Email Hidden
1,87,First Name Hidden,Last Name Hidden,Email Hidden
1,88,First Name Hidden,Last Name Hidden,Email Hidden
1,89,First Name Hidden,Last Name Hidden,Email Hidden
1,90,First Name Hidden,Last Name Hidden,Email Hidden
1,91,First Name Hidden,Last Name Hidden,Email Hidden
1,92,First Name Hidden,Last Name Hidden,Email Hidden
1,93,First Name Hidden,Last Name Hidden,Email Hidden
1,94,First Name Hidden,Last Name Hidden,Email Hidden
1,95,First Name Hidden,Last Name Hidden,Email Hidden
1,96,First Name Hidden,Last Name Hidden,Email Hidden
1,97,First Name Hidden,Last Name Hidden,Email Hidden
1,98,First Name Hidden,Last Name Hidden,Email Hidden
1,99,First Name Hidden,Last Name Hidden,Email Hidden
1,100,First Name Hidden,Last Name Hidden,Email Hidden
1,101,First Name Hidden,Last Name Hidden,Email Hidden
1,102,First Name Hidden,Last Name Hidden,Email Hidden
1,103,First Name Hidden,Last Name Hidden,Email Hidden
1,104,First Name Hidden,Last Name Hidden,Email Hidden
1,105,First Name Hidden,Last Name Hidden,Email Hidden
1,106,First Name Hidden,Last Name Hidden,Email Hidden
1,107,First Name Hidden,Last Name Hidden,Email Hidden
1,108,First Name Hidden,Last Name Hidden,Email Hidden
1,109,First Name Hidden,Last Name Hidden,Email Hidden
1,110,First Name Hidden,Last Name Hidden,Email Hidden
1,111,First Name Hidden,Last Name Hidden,Email Hidden
1,112,First Name Hidden,Last Name Hidden,Email Hidden
1,113,First Name Hidden,Last Name Hidden,Email Hidden
1,114,First Name Hidden,Last Name Hidden,Email Hidden
1,115,First Name Hidden,Last Name Hidden,Email Hidden
1,116,First Name Hidden,Last Name Hidden,Email Hidden
1,117,First Name Hidden,Last Name Hidden,Email Hidden
1,118,First Name Hidden,Last Name Hidden,Email Hidden
1,119,First Name Hidden,Last Name Hidden,Email Hidden
1,120,First Name Hidden,Last Name Hidden,Email Hidden
1,121,First Name Hidden,Last Name Hidden,Email Hidden
1,122,First Name Hidden,Last Name Hidden,Email Hidden
1,123,First Name Hidden,Last Name Hidden,Email Hidden
1,124,First Name Hidden,Last Name Hidden,Email Hidden
1,125,First Name Hidden,Last Name Hidden,Email Hidden
1,126,First Name Hidden,Last Name Hidden,Email Hidden
1,127,First Name Hidden,Last Name Hidden,Email Hidden
1,128,First Name Hidden,Last Name Hidden,Email Hidden
1,129,First Name Hidden,Last Name Hidden,Email Hidden
1,130,First Name Hidden,Last Name Hidden,Email Hidden
1,131,First Name Hidden,Last Name Hidden,Email Hidden
1,132,First Name Hidden,Last Name Hidden,Email Hidden
1,133,First Name Hidden,Last Name Hidden,Email Hidden
1,134,First Name Hidden,Last Name Hidden,Email Hidden
1,135,First Name Hidden,Last Name Hidden,Email Hidden
1,136,First Name Hidden,Last Name Hidden,Email Hidden
1,137,First Name Hidden,Last Name Hidden,Email Hidden
1,138,First Name Hidden,Last Name Hidden,Email Hidden
1,139,First Name Hidden,Last Name Hidden,Email Hidden
1,140,First Name Hidden,Last Name Hidden,Email Hidden
1,141,First Name Hidden,Last Name Hidden,Email Hidden
1,142,First Name Hidden,Last Name Hidden,Email Hidden
1,143,First Name Hidden,Last Name Hidden,Email Hidden
1,144,First Name Hidden,Last Name Hidden,Email Hidden
1,145,First Name Hidden,Last Name Hidden,Email Hidden
1,146,First Name Hidden,Last Name Hidden,Email Hidden
1,147,First Name Hidden,Last Name Hidden,Email Hidden
1,148,First Name Hidden,Last Name Hidden,Email Hidden
1,149,First Name Hidden,Last Name Hidden,Email Hidden
1,150,First Name Hidden,Last Name Hidden,Email Hidden
1,151,First Name Hidden,Last Name Hidden,Email Hidden
1,152,First Name Hidden,Last Name Hidden,Email Hidden
1,153,First Name Hidden,Last Name Hidden,Email Hidden
1,154,First Name Hidden,Last Name Hidden,Email Hidden
1,155,First Name Hidden,Last Name Hidden,Email Hidden
1,156,First Name Hidden,Last Name Hidden,Email Hidden
1,157,First Name Hidden,Last Name Hidden,Email Hidden
1,158,First Name Hidden,Last Name Hidden,Email Hidden
1,159,First Name Hidden,Last Name Hidden,Email Hidden
1,160,First Name Hidden,Last Name Hidden,Email Hidden
1,161,First Name Hidden,Last Name Hidden,Email Hidden
1,162,First Name Hidden,Last Name Hidden,Email Hidden
1,163,First Name Hidden,Last Name Hidden,Email Hidden
1,164,First Name Hidden,Last Name Hidden,Email Hidden
1,165,First Name Hidden,Last Name Hidden,Email Hidden
1,166,First Name Hidden,Last Name Hidden,Email Hidden
1,167,First Name Hidden,Last Name Hidden,Email Hidden
1,168,First Name Hidden,Last Name Hidden,Email Hidden
1,169,First Name Hidden,Last Name Hidden,Email Hidden
1,170,First Name Hidden,Last Name Hidden,Email Hidden
1,171,First Name Hidden,Last Name Hidden,Email Hidden
1,172,First Name Hidden,Last Name Hidden,Email Hidden
1,173,First Name Hidden,Last Name Hidden,Email Hidden
1,174,First Name Hidden,Last Name Hidden,Email Hidden
1,175,First Name Hidden,Last Name Hidden,Email Hidden
1,176,First Name Hidden,Last Name Hidden,Email Hidden
1,177,First Name Hidden,Last Name Hidden,Email Hidden
1,178,First Name Hidden,Last Name Hidden,Email Hidden
1,179,First Name Hidden,Last Name Hidden,Email Hidden
1,180,First Name Hidden,Last Name Hidden,Email Hidden
1,181,First Name Hidden,Last Name Hidden,Email Hidden
1,182,First Name Hidden,Last Name Hidden,Email Hidden
1,183,First Name Hidden,Last Name Hidden,Email Hidden
1,184,First Name Hidden,Last Name Hidden,Email Hidden
1,185,First Name Hidden,Last Name Hidden,Email Hidden
1,186,First Name Hidden,Last Name Hidden,Email Hidden
1,187,First Name Hidden,Last Name Hidden,Email Hidden
1,188,First Name Hidden,Last Name Hidden,Email Hidden
1,189,First Name Hidden,Last Name Hidden,Email Hidden
1,190,First Name Hidden,Last Name Hidden,Email Hidden
1,191,First Name Hidden,Last Name Hidden,Email Hidden
1,192,First Name Hidden,Last Name Hidden,Email Hidden
1,193,First Name Hidden,Last Name Hidden,Email Hidden
1,194,First Name Hidden,Last Name Hidden,Email Hidden
1,195,First Name Hidden,Last Name Hidden,Email Hidden
1,196,First Name Hidden,Last Name Hidden,Email Hidden
1,197,First Name Hidden,Last Name Hidden,Email Hidden
1,198,First Name Hidden,Last Name Hidden,Email Hidden
1,199,First Name Hidden,Last Name Hidden,Email Hidden
1,200,First Name Hidden,Last Name Hidden,Email Hidden
1,201,First Name Hidden,Last Name Hidden,Email Hidden
1,202,First Name Hidden,Last Name Hidden,Email Hidden
1,203,First Name Hidden,Last Name Hidden,Email Hidden
1,204,First Name Hidden,Last Name Hidden,Email Hidden
1,205,First Name Hidden,Last Name Hidden,Email Hidden
1,206,First Name Hidden,Last Name Hidden,Email Hidden
1,207,First Name Hidden,Last Name Hidden,Email Hidden
1,208,First Name Hidden,Last Name Hidden,Email Hidden
1,209,First Name Hidden,Last Name Hidden,Email Hidden
1,210,First Name Hidden,Last Name Hidden,Email Hidden
1,211,First Name Hidden,Last Name Hidden,Email Hidden
1,212,First Name Hidden,Last Name Hidden,Email Hidden
1,213,First Name Hidden,Last Name Hidden,Email Hidden
1,214,First Name Hidden,Last Name Hidden,Email Hidden
1,215,First Name Hidden,Last Name Hidden,Email Hidden
1,216,First Name Hidden,Last Name Hidden,Email Hidden
1,217,First Name Hidden,Last Name Hidden,Email Hidden
1,218,First Name Hidden,Last Name Hidden,Email Hidden
1,219,First Name Hidden,Last Name Hidden,Email Hidden
1,220,First Name Hidden,Last Name Hidden,Email Hidden
1,221,First Name Hidden,Last Name Hidden,Email Hidden
1,222,First Name Hidden,Last Name Hidden,Email Hidden
1,223,First Name Hidden,Last Name Hidden,Email Hidden
1,224,First Name Hidden,Last Name Hidden,Email Hidden
1,225,First Name Hidden,Last Name Hidden,Email Hidden
1,226,First Name Hidden,Last Name Hidden,Email Hidden
1,227,First Name Hidden,Last Name Hidden,Email Hidden
1,228,First Name Hidden,Last Name Hidden,Email Hidden
1,229,First Name Hidden,Last Name Hidden,Email Hidden
1,230,First Name Hidden,Last Name Hidden,Email Hidden
1,231,First Name Hidden,Last Name Hidden,Email Hidden
1,232,First Name Hidden,Last Name Hidden,Email Hidden
1,233,First Name Hidden,Last Name Hidden,Email Hidden
1,234,First Name Hidden,Last Name Hidden,Email Hidden
1,235,First Name Hidden,Last Name Hidden,Email Hidden
1,236,First Name Hidden,Last Name Hidden,Email Hidden
1,237,First Name Hidden,Last Name Hidden,Email Hidden
1,238,First Name Hidden,Last Name Hidden,Email Hidden
1,239,First Name Hidden,Last Name Hidden,Email Hidden
1,240,First Name Hidden,Last Name Hidden,Email Hidden
1,241,First Name Hidden,Last Name Hidden,Email Hidden
1,242,First Name Hidden,Last Name Hidden,Email Hidden
1,243,First Name Hidden,Last Name Hidden,Email Hidden
1,244,First Name Hidden,Last Name Hidden,Email Hidden
1,245,First Name Hidden,Last Name Hidden,Email Hidden
1,246,First Name Hidden,Last Name Hidden,Email Hidden
1,247,First Name Hidden,Last Name Hidden,Email Hidden
1,248,First Name Hidden,Last Name Hidden,Email Hidden
1,249,First Name Hidden,Last Name Hidden,Email Hidden
1,250,First Name Hidden,Last Name Hidden,Email Hidden
1,251,First Name Hidden,Last Name Hidden,Email Hidden
1,252,First Name Hidden,Last Name Hidden,Email Hidden
1,253,First Name Hidden,Last Name Hidden,Email Hidden
1,254,First Name Hidden,Last Name Hidden,Email Hidden
1,255,First Name Hidden,Last Name Hidden,Email Hidden
1,256,First Name Hidden,Last Name Hidden,Email Hidden
1,257,First Name Hidden,Last Name Hidden,Email Hidden
1,258,First Name Hidden,Last Name Hidden,Email Hidden
1,259,First Name Hidden,Last Name Hidden,Email Hidden
1,260,First Name Hidden,Last Name Hidden,Email Hidden
1,261,First Name Hidden,Last Name Hidden,Email Hidden
1,262,First Name Hidden,Last Name Hidden,Email Hidden
1,263,First Name Hidden,Last Name Hidden,Email Hidden
1,264,First Name Hidden,Last Name Hidden,Email Hidden
1,265,First Name Hidden,Last Name Hidden,Email Hidden
1,266,First Name Hidden,Last Name Hidden,Email Hidden
1,267,First Name Hidden,Last Name Hidden,Email Hidden
1,268,First Name Hidden,Last Name Hidden,Email Hidden
1,269,First Name Hidden,Last Name Hidden,Email Hidden
1,270,First Name Hidden,Last Name Hidden,Email Hidden
1,271,First Name Hidden,Last Name Hidden,Email Hidden
1,272,First Name Hidden,Last Name Hidden,Email Hidden
1,273,First Name Hidden,Last Name Hidden,Email Hidden
1,274,First Name Hidden,Last Name Hidden,Email Hidden
1,275,First Name Hidden,Last Name Hidden,Email Hidden
1,276,First Name Hidden,Last Name Hidden,Email Hidden
1,277,First Name Hidden,Last Name Hidden,Email Hidden
1,278,First Name Hidden,Last Name Hidden,Email Hidden
1,279,First Name Hidden,Last Name Hidden,Email Hidden
1,280,First Name Hidden,Last Name Hidden,Email Hidden
1,281,First Name Hidden,Last Name Hidden,Email Hidden
1,282,First Name Hidden,Last Name Hidden,Email Hidden
1,283,First Name Hidden,Last Name Hidden,Email Hidden
1,284,First Name Hidden,Last Name Hidden,Email Hidden
1,285,First Name Hidden,Last Name Hidden,Email Hidden
1,286,First Name Hidden,Last Name Hidden,Email Hidden
1,287,First Name Hidden,Last Name Hidden,Email Hidden
1,288,First Name Hidden,Last Name Hidden,Email Hidden
1,289,First Name Hidden,Last Name Hidden,Email Hidden
1,290,First Name Hidden,Last Name Hidden,Email Hidden
1,291,First Name Hidden,Last Name Hidden,Email Hidden
1,292,First Name Hidden,Last Name Hidden,Email Hidden
1,293,First Name Hidden,Last Name Hidden,Email Hidden
1,294,First Name Hidden,Last Name Hidden,Email Hidden
1,295,First Name Hidden,Last Name Hidden,Email Hidden
1,296,First Name Hidden,Last Name Hidden,Email Hidden
1,297,First Name Hidden,Last Name Hidden,Email Hidden
1,298,First Name Hidden,Last Name Hidden,Email Hidden
1,299,First Name Hidden,Last Name Hidden,Email Hidden
1,300,First Name Hidden,Last Name Hidden,Email Hidden
1,301,First Name Hidden,Last Name Hidden,Email Hidden
1,302,First Name Hidden,Last Name Hidden,Email Hidden
1,303,First Name Hidden,Last Name Hidden,Email Hidden
1,304,First Name Hidden,Last Name Hidden,Email Hidden
1,305,First Name Hidden,Last Name Hidden,Email Hidden
1,306,First Name Hidden,Last Name Hidden,Email Hidden
1,307,First Name Hidden,Last Name Hidden,Email Hidden
1,308,First Name Hidden,Last Name Hidden,Email Hidden
1,309,First Name Hidden,Last Name Hidden,Email Hidden
1,310,First Name Hidden,Last Name Hidden,Email Hidden
1,311,First Name Hidden,Last Name Hidden,Email Hidden
1,312,First Name Hidden,Last Name Hidden,Email Hidden
1,313,First Name Hidden,Last Name Hidden,Email Hidden
1,314,First Name Hidden,Last Name Hidden,Email Hidden
1,315,First Name Hidden,Last Name Hidden,Email Hidden
1,316,First Name Hidden,Last Name Hidden,Email Hidden
1,317,First Name Hidden,Last Name Hidden,Email Hidden
1,318,First Name Hidden,Last Name Hidden,Email Hidden
1,319,First Name Hidden,Last Name Hidden,Email Hidden
1,320,First Name Hidden,Last Name Hidden,Email Hidden
1,321,First Name Hidden,Last Name Hidden,Email Hidden
1,322,First Name Hidden,Last Name Hidden,Email Hidden
1,323,First Name Hidden,Last Name Hidden,Email Hidden
1,324,First Name Hidden,Last Name Hidden,Email Hidden
1,325,First Name Hidden,Last Name Hidden,Email Hidden
1,326,First Name Hidden,Last Name Hidden,Email Hidden
1,327,First Name Hidden,Last Name Hidden,Email Hidden
1,328,First Name Hidden,Last Name Hidden,Email Hidden
1,329,First Name Hidden,Last Name Hidden,Email Hidden
1,330,First Name Hidden,Last Name Hidden,Email Hidden
1,331,First Name Hidden,Last Name Hidden,Email Hidden
1,332,First Name Hidden,Last Name Hidden,Email Hidden
1,333,First Name Hidden,Last Name Hidden,Email Hidden
1,334,First Name Hidden,Last Name Hidden,Email Hidden
1,335,First Name Hidden,Last Name Hidden,Email Hidden
1,336,First Name Hidden,Last Name Hidden,Email Hidden
1,337,First Name Hidden,Last Name Hidden,Email Hidden
1,338,First Name Hidden,Last Name Hidden,Email Hidden
1,339,First Name Hidden,Last Name Hidden,Email Hidden
1,340,First Name Hidden,Last Name Hidden,Email Hidden
1,341,First Name Hidden,Last Name Hidden,Email Hidden
1,342,First Name Hidden,Last Name Hidden,Email Hidden
1,343,First Name Hidden,Last Name Hidden,Email Hidden
1,344,First Name Hidden,Last Name Hidden,Email Hidden
1,345,First Name Hidden,Last Name Hidden,Email Hidden
1,346,First Name Hidden,Last Name Hidden,Email Hidden
1,347,First Name Hidden,Last Name Hidden,Email Hidden
1,348,First Name Hidden,Last Name Hidden,Email Hidden
1,349,First Name Hidden,Last Name Hidden,Email Hidden
1,350,First Name Hidden,Last Name Hidden,Email Hidden
1,351,First Name Hidden,Last Name Hidden,Email Hidden
1,352,First Name Hidden,Last Name Hidden,Email Hidden
1,353,First Name Hidden,Last Name Hidden,Email Hidden
1,354,First Name Hidden,Last Name Hidden,Email Hidden
1,355,First Name Hidden,Last Name Hidden,Email Hidden
1,356,First Name Hidden,Last Name Hidden,Email Hidden
1,357,First Name Hidden,Last Name Hidden,Email Hidden
1,358,First Name Hidden,Last Name Hidden,Email Hidden
1,359,First Name Hidden,Last Name Hidden,Email Hidden
1,360,First Name Hidden,Last Name Hidden,Email Hidden
1,361,First Name Hidden,Last Name Hidden,Email Hidden
1,362,First Name Hidden,Last Name Hidden,Email Hidden
1,363,First Name Hidden,Last Name Hidden,Email Hidden
1,364,First Name Hidden,Last Name Hidden,Email Hidden
1,365,First Name Hidden,Last Name Hidden,Email Hidden
1,366,First Name Hidden,Last Name Hidden,Email Hidden
1,367,First Name Hidden,Last Name Hidden,Email Hidden
1,368,First Name Hidden,Last Name Hidden,Email Hidden
1,369,First Name Hidden,Last Name Hidden,Email Hidden
1,370,First Name Hidden,Last Name Hidden,Email Hidden
1,371,First Name Hidden,Last Name Hidden,Email Hidden
1,372,First Name Hidden,Last Name Hidden,Email Hidden
1,373,First Name Hidden,Last Name Hidden,Email Hidden
1,374,First Name Hidden,Last Name Hidden,Email Hidden
1,375,First Name Hidden,Last Name Hidden,Email Hidden
1,376,First Name Hidden,Last Name Hidden,Email Hidden
1,377,First Name Hidden,Last Name Hidden,Email Hidden
1,378,First Name Hidden,Last Name Hidden,Email Hidden
1,379,First Name Hidden,Last Name Hidden,Email Hidden
1,380,First Name Hidden,Last Name Hidden,Email Hidden
1,381,First Name Hidden,Last Name Hidden,Email Hidden
1,382,First Name Hidden,Last Name Hidden,Email Hidden
1,383,First Name Hidden,Last Name Hidden,Email Hidden
1,384,First Name Hidden,Last Name Hidden,Email Hidden
1,385,First Name Hidden,Last Name Hidden,Email Hidden
1,386,First Name Hidden,Last Name Hidden,Email Hidden
1,387,First Name Hidden,Last Name Hidden,Email Hidden
1,388,First Name Hidden,Last Name Hidden,Email Hidden
1,389,First Name Hidden,Last Name Hidden,Email Hidden
1,390,First Name Hidden,Last Name Hidden,Email Hidden
1,391,First Name Hidden,Last Name Hidden,Email Hidden
1,392,First Name Hidden,Last Name Hidden,Email Hidden
1,393,First Name Hidden,Last Name Hidden,Email Hidden
1,394,First Name Hidden,Last Name Hidden,Email Hidden
1,395,First Name Hidden,Last Name Hidden,Email Hidden
1,396,First Name Hidden,Last Name Hidden,Email Hidden
1,397,First Name Hidden,Last Name Hidden,Email Hidden
1,398,First Name Hidden,Last Name Hidden,Email Hidden
1,399,First Name Hidden,Last Name Hidden,Email Hidden
1,400,First Name Hidden,Last Name Hidden,Email Hidden
1,401,First Name Hidden,Last Name Hidden,Email Hidden
1,402,First Name Hidden,Last Name Hidden,Email Hidden
1,403,First Name Hidden,Last Name Hidden,Email Hidden
1,404,First Name Hidden,Last Name Hidden,Email Hidden
1,405,First Name Hidden,Last Name Hidden,Email Hidden
1,406,First Name Hidden,Last Name Hidden,Email Hidden
1,407,First Name Hidden,Last Name Hidden,Email Hidden
1,408,First Name Hidden,Last Name Hidden,Email Hidden
1,409,First Name Hidden,Last Name Hidden,Email Hidden
1,410,First Name Hidden,Last Name Hidden,Email Hidden
1,411,First Name Hidden,Last Name Hidden,Email Hidden
1,412,First Name Hidden,Last Name Hidden,Email Hidden
1,413,First Name Hidden,Last Name Hidden,Email Hidden
1,414,First Name Hidden,Last Name Hidden,Email Hidden
1,415,First Name Hidden,Last Name Hidden,Email Hidden
1,416,First Name Hidden,Last Name Hidden,Email Hidden
1,417,First Name Hidden,Last Name Hidden,Email Hidden
1,418,First Name Hidden,Last Name Hidden,Email Hidden
1,419,First Name Hidden,Last Name Hidden,Email Hidden
1,420,First Name Hidden,Last Name Hidden,Email Hidden
1,421,First Name Hidden,Last Name Hidden,Email Hidden
1,422,First Name Hidden,Last Name Hidden,Email Hidden
1,423,First Name Hidden,Last Name Hidden,Email Hidden
1,424,First Name Hidden,Last Name Hidden,Email Hidden
1,425,First Name Hidden,Last Name Hidden,Email Hidden
1,426,First Name Hidden,Last Name Hidden,Email Hidden
1,427,First Name Hidden,Last Name Hidden,Email Hidden
1,428,First Name Hidden,Last Name Hidden,Email Hidden
1,429,First Name Hidden,Last Name Hidden,Email Hidden
1,430,First Name Hidden,Last Name Hidden,Email Hidden
1,431,First Name Hidden,Last Name Hidden,Email Hidden
1,432,First Name Hidden,Last Name Hidden,Email Hidden
1,433,First Name Hidden,Last Name Hidden,Email Hidden
1,434,First Name Hidden,Last Name Hidden,Email Hidden
1,435,First Name Hidden,Last Name Hidden,Email Hidden
1,436,First Name Hidden,Last Name Hidden,Email Hidden
1,437,First Name Hidden,Last Name Hidden,Email Hidden
1,438,First Name Hidden,Last Name Hidden,Email Hidden
1,439,First Name Hidden,Last Name Hidden,Email Hidden
1,440,First Name Hidden,Last Name Hidden,Email Hidden
1,441,First Name Hidden,Last Name Hidden,Email Hidden
1,442,First Name Hidden,Last Name Hidden,Email Hidden
1,443,First Name Hidden,Last Name Hidden,Email Hidden
1,444,First Name Hidden,Last Name Hidden,Email Hidden
1,445,First Name Hidden,Last Name Hidden,Email Hidden
1,446,First Name Hidden,Last Name Hidden,Email Hidden
1,447,First Name Hidden,Last Name Hidden,Email Hidden
1,448,First Name Hidden,Last Name Hidden,Email Hidden
1,449,First Name Hidden,Last Name Hidden,Email Hidden
1,450,First Name Hidden,Last Name Hidden,Email Hidden
1,451,First Name Hidden,Last Name Hidden,Email Hidden
1,452,First Name Hidden,Last Name Hidden,Email Hidden
1,453,First Name Hidden,Last Name Hidden,Email Hidden
1,454,First Name Hidden,Last Name Hidden,Email Hidden
1,455,First Name Hidden,Last Name Hidden,Email Hidden
1,456,First Name Hidden,Last Name Hidden,Email Hidden
1,457,First Name Hidden,Last Name Hidden,Email Hidden
1,458,First Name Hidden,Last Name Hidden,Email Hidden
1,459,First Name Hidden,Last Name Hidden,Email Hidden
1,460,First Name Hidden,Last Name Hidden,Email Hidden
1,461,First Name Hidden,Last Name Hidden,Email Hidden
1,462,First Name Hidden,Last Name Hidden,Email Hidden
1,463,First Name Hidden,Last Name Hidden,Email Hidden
1,464,First Name Hidden,Last Name Hidden,Email Hidden
1,465,First Name Hidden,Last Name Hidden,Email Hidden
1,466,First Name Hidden,Last Name Hidden,Email Hidden
1,467,First Name Hidden,Last Name Hidden,Email Hidden
1,468,First Name Hidden,Last Name Hidden,Email Hidden
1,469,First Name Hidden,Last Name Hidden,Email Hidden
1,470,First Name Hidden,Last Name Hidden,Email Hidden
1,471,First Name Hidden,Last Name Hidden,Email Hidden
1,472,First Name Hidden,Last Name Hidden,Email Hidden
1,473,First Name Hidden,Last Name Hidden,Email Hidden
1,474,First Name Hidden,Last Name Hidden,Email Hidden
1,475,First Name Hidden,Last Name Hidden,Email Hidden
1,476,First Name Hidden,Last Name Hidden,Email Hidden
1,477,First Name Hidden,Last Name Hidden,Email Hidden
1,478,First Name Hidden,Last Name Hidden,Email Hidden
1,479,First Name Hidden,Last Name Hidden,Email Hidden
1,480,First Name Hidden,Last Name Hidden,Email Hidden
1,481,First Name Hidden,Last Name Hidden,Email Hidden
1,482,First Name Hidden,Last Name Hidden,Email Hidden
1,483,First Name Hidden,Last Name Hidden,Email Hidden
1,484,First Name Hidden,Last Name Hidden,Email Hidden
1,485,First Name Hidden,Last Name Hidden,Email Hidden
1,486,First Name Hidden,Last Name Hidden,Email Hidden
1,487,First Name Hidden,Last Name Hidden,Email Hidden
1,488,First Name Hidden,Last Name Hidden,Email Hidden
1,489,First Name Hidden,Last Name Hidden,Email Hidden
1,490,First Name Hidden,Last Name Hidden,Email Hidden
1,491,First Name Hidden,Last Name Hidden,Email Hidden
1,492,First Name Hidden,Last Name Hidden,Email Hidden
1,493,First Name Hidden,Last Name Hidden,Email Hidden
1,494,First Name Hidden,Last Name Hidden,Email Hidden
1,495,First Name Hidden,Last Name Hidden,Email Hidden
1,496,First Name Hidden,Last Name Hidden,Email Hidden
1,497,First Name Hidden,Last Name Hidden,Email Hidden
1,498,First Name Hidden,Last Name Hidden,Email Hidden
1,499,First Name Hidden,Last Name Hidden,Email Hidden
1,500,First Name Hidden,Last Name Hidden,Email Hidden
1,501,First Name Hidden,Last Name Hidden,Email Hidden
1,502,First Name Hidden,Last Name Hidden,Email Hidden
1,503,First Name Hidden,Last Name Hidden,Email Hidden
1,504,First Name Hidden,Last Name Hidden,Email Hidden
1,505,First Name Hidden,Last Name Hidden,Email Hidden
1,506,First Name Hidden,Last Name Hidden,Email Hidden
1,507,First Name Hidden,Last Name Hidden,Email Hidden
1,508,First Name Hidden,Last Name Hidden,Email Hidden
1,509,First Name Hidden,Last Name Hidden,Email Hidden
1,510,First Name Hidden,Last Name Hidden,Email Hidden
1,511,First Name Hidden,Last Name Hidden,Email Hidden
1,512,First Name Hidden,Last Name Hidden,Email Hidden
1,513,First Name Hidden,Last Name Hidden,Email Hidden
1,514,First Name Hidden,Last Name Hidden,Email Hidden
1,515,First Name Hidden,Last Name Hidden,Email Hidden
1,516,First Name Hidden,Last Name Hidden,Email Hidden
1,517,First Name Hidden,Last Name Hidden,Email Hidden
1,518,First Name Hidden,Last Name Hidden,Email Hidden
1,519,First Name Hidden,Last Name Hidden,Email Hidden
1,520,First Name Hidden,Last Name Hidden,Email Hidden
1,521,First Name Hidden,Last Name Hidden,Email Hidden
1,522,First Name Hidden,Last Name Hidden,Email Hidden
1,523,First Name Hidden,Last Name Hidden,Email Hidden
1,524,First Name Hidden,Last Name Hidden,Email Hidden
1,525,First Name Hidden,Last Name Hidden,Email Hidden
1,526,First Name Hidden,Last Name Hidden,Email Hidden
1,527,First Name Hidden,Last Name Hidden,Email Hidden
1,528,First Name Hidden,Last Name Hidden,Email Hidden
1,529,First Name Hidden,Last Name Hidden,Email Hidden
1,530,First Name Hidden,Last Name Hidden,Email Hidden
1,531,First Name Hidden,Last Name Hidden,Email Hidden
1,532,First Name Hidden,Last Name Hidden,Email Hidden
1,533,First Name Hidden,Last Name Hidden,Email Hidden
1,534,First Name Hidden,Last Name Hidden,Email Hidden
1,535,First Name Hidden,Last Name Hidden,Email Hidden
1,536,First Name Hidden,Last Name Hidden,Email Hidden
1,537,First Name Hidden,Last Name Hidden,Email Hidden
1,538,First Name Hidden,Last Name Hidden,Email Hidden
1,539,First Name Hidden,Last Name Hidden,Email Hidden
1,540,First Name Hidden,Last Name Hidden,Email Hidden
1,541,First Name Hidden,Last Name Hidden,Email Hidden
1,542,First Name Hidden,Last Name Hidden,Email Hidden
1,543,First Name Hidden,Last Name Hidden,Email Hidden
1,544,First Name Hidden,Last Name Hidden,Email Hidden
1,545,First Name Hidden,Last Name Hidden,Email Hidden
1,546,First Name Hidden,Last Name Hidden,Email Hidden
1,547,First Name Hidden,Last Name Hidden,Email Hidden
1,548,First Name Hidden,Last Name Hidden,Email Hidden
1,549,First Name Hidden,Last Name Hidden,Email Hidden
1,550,First Name Hidden,Last Name Hidden,Email Hidden
1,551,First Name Hidden,Last Name Hidden,Email Hidden
1,552,First Name Hidden,Last Name Hidden,Email Hidden
1,553,First Name Hidden,Last Name Hidden,Email Hidden
1,554,First Name Hidden,Last Name Hidden,Email Hidden
1,555,First Name Hidden,Last Name Hidden,Email Hidden
1,556,First Name Hidden,Last Name Hidden,Email Hidden
1,557,First Name Hidden,Last Name Hidden,Email Hidden
1,558,First Name Hidden,Last Name Hidden,Email Hidden
1,559,First Name Hidden,Last Name Hidden,Email Hidden
1,560,First Name Hidden,Last Name Hidden,Email Hidden
1,561,First Name Hidden,Last Name Hidden,Email Hidden
